x,y_fit,uncertainty
0.000000000000000000e+00,3.743268229166668561e+02,2.871754021073144036e-01
1.000000000000000000e+00,3.728675493313765514e+02,2.863336599406977045e-01
2.000000000000000000e+00,3.714082757460863036e+02,2.854927515351697864e-01
3.000000000000000000e+00,3.699490021607959989e+02,2.846526842774563248e-01
4.000000000000000000e+00,3.684897285755057510e+02,2.838134656417014567e-01
5.000000000000000000e+00,3.670304549902154463e+02,2.829751031756946866e-01
6.000000000000000000e+00,3.655711814049251416e+02,2.821376045116752995e-01
7.000000000000000000e+00,3.641119078196348937e+02,2.813009773648639800e-01
8.000000000000000000e+00,3.626526342343445890e+02,2.804652295320196886e-01
9.000000000000000000e+00,3.611933606490543411e+02,2.796303689022253680e-01
1.000000000000000000e+01,3.597340870637640364e+02,2.787964034432483529e-01
1.100000000000000000e+01,3.582748134784737886e+02,2.779633412123549974e-01
1.200000000000000000e+01,3.568155398931834839e+02,2.771311903549136813e-01
1.300000000000000000e+01,3.553562663078931791e+02,2.762999591030262381e-01
1.400000000000000000e+01,3.538969927226029313e+02,2.754696557863210438e-01
1.500000000000000000e+01,3.524377191373126266e+02,2.746402888184545921e-01
1.600000000000000000e+01,3.509784455520223787e+02,2.738118667079347812e-01
1.700000000000000000e+01,3.495191719667320740e+02,2.729843980567996931e-01
1.800000000000000000e+01,3.480598983814417693e+02,2.721578915617409167e-01
1.900000000000000000e+01,3.466006247961515214e+02,2.713323560128277911e-01
2.000000000000000000e+01,3.451413512108612167e+02,2.705078003043091539e-01
2.100000000000000000e+01,3.436820776255709688e+02,2.696842334212917192e-01
2.200000000000000000e+01,3.422228040402806641e+02,2.688616644505743558e-01
2.300000000000000000e+01,3.407635304549903594e+02,2.680401025794208469e-01
2.400000000000000000e+01,3.393042568697001116e+02,2.672195570943635134e-01
2.500000000000000000e+01,3.378449832844098069e+02,2.664000373920130671e-01
2.600000000000000000e+01,3.363857096991195590e+02,2.655815529658900331e-01
2.700000000000000000e+01,3.349264361138292543e+02,2.647641134172669664e-01
2.800000000000000000e+01,3.334671625285390064e+02,2.639477284540230895e-01
2.900000000000000000e+01,3.320078889432487017e+02,2.631324078919123344e-01
3.000000000000000000e+01,3.305486153579583970e+02,2.623181616534663863e-01
3.100000000000000000e+01,3.290893417726681491e+02,2.615049997788113090e-01
3.200000000000000000e+01,3.276300681873778444e+02,2.606929324126907588e-01
3.300000000000000000e+01,3.261707946020875397e+02,2.598819698153166380e-01
3.400000000000000000e+01,3.247115210167972918e+02,2.590721223613228763e-01
3.500000000000000000e+01,3.232522474315069871e+02,2.582634005387530740e-01
3.600000000000000000e+01,3.217929738462167393e+02,2.574558149598810131e-01
3.700000000000000000e+01,3.203337002609264346e+02,2.566493763483992385e-01
3.800000000000000000e+01,3.188744266756361867e+02,2.558440955502740422e-01
3.900000000000000000e+01,3.174151530903458820e+02,2.550399835327843978e-01
4.000000000000000000e+01,3.159558795050555773e+02,2.542370513835953139e-01
4.100000000000000000e+01,3.144966059197653294e+02,2.534353103215790659e-01
4.200000000000000000e+01,3.130373323344750247e+02,2.526347716841744195e-01
4.300000000000000000e+01,3.115780587491847768e+02,2.518354469382427796e-01
4.400000000000000000e+01,3.101187851638944721e+02,2.510373476791926128e-01
4.500000000000000000e+01,3.086595115786042243e+02,2.502404856301384539e-01
4.600000000000000000e+01,3.072002379933139196e+02,2.494448726527201954e-01
4.700000000000000000e+01,3.057409644080236149e+02,2.486505207346362267e-01
4.800000000000000000e+01,3.042816908227333670e+02,2.478574420004964196e-01
4.900000000000000000e+01,3.028224172374430623e+02,2.470656487110315658e-01
5.000000000000000000e+01,3.013631436521527576e+02,2.462751532623385642e-01
5.100000000000000000e+01,2.999038700668625097e+02,2.454859681966908291e-01
5.200000000000000000e+01,2.984445964815722050e+02,2.446981061902498145e-01
5.300000000000000000e+01,2.969853228962819571e+02,2.439115800639087006e-01
5.400000000000000000e+01,2.955260493109916524e+02,2.431264027802916006e-01
5.500000000000000000e+01,2.940667757257014046e+02,2.423425874522622814e-01
5.600000000000000000e+01,2.926075021404110998e+02,2.415601473399438537e-01
5.700000000000000000e+01,2.911482285551207951e+02,2.407790958477979693e-01
5.800000000000000000e+01,2.896889549698305473e+02,2.399994465331545257e-01
5.900000000000000000e+01,2.882296813845402426e+02,2.392212131055848068e-01
6.000000000000000000e+01,2.867704077992499379e+02,2.384444094263109548e-01
6.100000000000000000e+01,2.853111342139596900e+02,2.376690495189777708e-01
6.200000000000000000e+01,2.838518606286694421e+02,2.368951475577245613e-01
6.300000000000000000e+01,2.823925870433791374e+02,2.361227178779873315e-01
6.400000000000000000e+01,2.809333134580888327e+02,2.353517749759470867e-01
6.500000000000000000e+01,2.794740398727985848e+02,2.345823335080141903e-01
6.600000000000000000e+01,2.780147662875082801e+02,2.338144083015659125e-01
6.700000000000000000e+01,2.765554927022179754e+02,2.330480143431976903e-01
6.800000000000000000e+01,2.750962191169277276e+02,2.322831667894875163e-01
6.900000000000000000e+01,2.736369455316374228e+02,2.315198809665126589e-01
7.000000000000000000e+01,2.721776719463471750e+02,2.307581723694013265e-01
7.100000000000000000e+01,2.707183983610568703e+02,2.299980566752423128e-01
7.200000000000000000e+01,2.692591247757666224e+02,2.292395497204106070e-01
7.300000000000000000e+01,2.677998511904763177e+02,2.284826675334833967e-01
7.400000000000000000e+01,2.663405776051860130e+02,2.277274263126111420e-01
7.500000000000000000e+01,2.648813040198957651e+02,2.269738424384291908e-01
7.600000000000000000e+01,2.634220304346054604e+02,2.262219324736522985e-01
7.700000000000000000e+01,2.619627568493151557e+02,2.254717131627027860e-01
7.800000000000000000e+01,2.605034832640249078e+02,2.247232014423030388e-01
7.900000000000000000e+01,2.590442096787346600e+02,2.239764144301391313e-01
8.000000000000000000e+01,2.575849360934443553e+02,2.232313694354685907e-01
8.100000000000000000e+01,2.561256625081540506e+02,2.224880839587540793e-01
8.200000000000000000e+01,2.546663889228638027e+02,2.217465756913278296e-01
8.300000000000000000e+01,2.532071153375734980e+02,2.210068625258901354e-01
8.400000000000000000e+01,2.517478417522832217e+02,2.202689625453284616e-01
8.500000000000000000e+01,2.502885681669929454e+02,2.195328940332237078e-01
8.600000000000000000e+01,2.488292945817026407e+02,2.187986754724317584e-01
8.700000000000000000e+01,2.473700209964123928e+02,2.180663255501262277e-01
8.800000000000000000e+01,2.459107474111220881e+02,2.173358631574541233e-01
8.900000000000000000e+01,2.444514738258318118e+02,2.166073073892183509e-01
9.000000000000000000e+01,2.429922002405415355e+02,2.158806775488921748e-01
9.100000000000000000e+01,2.415329266552512593e+02,2.151559931482843191e-01
9.200000000000000000e+01,2.400736530699609546e+02,2.144332739135607624e-01
9.300000000000000000e+01,2.386143794846706783e+02,2.137125397796107995e-01
9.400000000000000000e+01,2.371551058993804020e+02,2.129938109002642577e-01
9.500000000000000000e+01,2.356958323140901257e+02,2.122771076426590298e-01
9.600000000000000000e+01,2.342365587287998494e+02,2.115624505921520904e-01
9.700000000000000000e+01,2.327772851435095731e+02,2.108498605571616502e-01
9.800000000000000000e+01,2.313180115582192684e+02,2.101393585635636940e-01
9.900000000000000000e+01,2.298587379729289921e+02,2.094309658647113825e-01
1.000000000000000000e+02,2.283994643876387158e+02,2.087247039358195166e-01
1.010000000000000000e+02,2.269401908023484395e+02,2.080205944787371364e-01
1.020000000000000000e+02,2.254809172170581633e+02,2.073186594266396565e-01
1.030000000000000000e+02,2.240216436317678586e+02,2.066189209394447557e-01
1.040000000000000000e+02,2.225623700464775823e+02,2.059214014084801703e-01
1.050000000000000000e+02,2.211030964611873060e+02,2.052261234610646135e-01
1.060000000000000000e+02,2.196438228758970297e+02,2.045331099548817755e-01
1.070000000000000000e+02,2.181845492906067534e+02,2.038423839865758647e-01
1.080000000000000000e+02,2.167252757053164771e+02,2.031539688901228824e-01
1.090000000000000000e+02,2.152660021200261724e+02,2.024678882352251574e-01
1.100000000000000000e+02,2.138067285347358961e+02,2.017841658357072132e-01
1.110000000000000000e+02,2.123474549494456198e+02,2.011028257438032263e-01
1.120000000000000000e+02,2.108881813641553435e+02,2.004238922544547552e-01
1.130000000000000000e+02,2.094289077788650673e+02,1.997473899094998617e-01
1.140000000000000000e+02,2.079696341935747910e+02,1.990733434919108313e-01
1.150000000000000000e+02,2.065103606082844863e+02,1.984017780348326376e-01
1.160000000000000000e+02,2.050510870229942100e+02,1.977327188157473048e-01
1.170000000000000000e+02,2.035918134377039337e+02,1.970661913604617177e-01
1.180000000000000000e+02,2.021325398524136574e+02,1.964022214469701433e-01
1.190000000000000000e+02,2.006732662671233811e+02,1.957408350995345769e-01
1.200000000000000000e+02,1.992139926818330764e+02,1.950820585972783683e-01
1.210000000000000000e+02,1.977547190965428001e+02,1.944259184681673136e-01
1.220000000000000000e+02,1.962954455112525238e+02,1.937724414926155492e-01
1.230000000000000000e+02,1.948361719259622475e+02,1.931216547069483924e-01
1.240000000000000000e+02,1.933768983406719713e+02,1.924735853982051936e-01
1.250000000000000000e+02,1.919176247553816950e+02,1.918282611074788313e-01
1.260000000000000000e+02,1.904583511700913903e+02,1.911857096330990546e-01
1.270000000000000000e+02,1.889990775848011140e+02,1.905459590243211709e-01
1.280000000000000000e+02,1.875398039995108377e+02,1.899090375890338245e-01
1.290000000000000000e+02,1.860805304142205614e+02,1.892749738872985255e-01
1.300000000000000000e+02,1.846212568289302851e+02,1.886437967341740851e-01
1.310000000000000000e+02,1.831619832436399804e+02,1.880155352023631654e-01
1.320000000000000000e+02,1.817027096583497041e+02,1.873902186155552985e-01
1.330000000000000000e+02,1.802434360730594278e+02,1.867678765554571241e-01
1.340000000000000000e+02,1.787841624877691515e+02,1.861485388549506403e-01
1.350000000000000000e+02,1.773248889024788753e+02,1.855322356003069884e-01
1.360000000000000000e+02,1.758656153171885990e+02,1.849189971332004800e-01
1.370000000000000000e+02,1.744063417318982943e+02,1.843088540445061985e-01
1.380000000000000000e+02,1.729470681466080180e+02,1.837018371760992252e-01
1.390000000000000000e+02,1.714877945613177417e+02,1.830979776224378464e-01
1.400000000000000000e+02,1.700285209760274654e+02,1.824973067231663304e-01
1.410000000000000000e+02,1.685692473907371891e+02,1.818998560688389055e-01
1.420000000000000000e+02,1.671099738054468844e+02,1.813056574932754850e-01
1.430000000000000000e+02,1.656507002201566081e+02,1.807147430745809913e-01
1.440000000000000000e+02,1.641914266348663318e+02,1.801271451359250653e-01
1.450000000000000000e+02,1.627321530495760555e+02,1.795428962375544280e-01
1.460000000000000000e+02,1.612728794642857792e+02,1.789620291815507414e-01
1.470000000000000000e+02,1.598136058789955030e+02,1.783845770035540068e-01
1.480000000000000000e+02,1.583543322937051983e+02,1.778105729728908790e-01
1.490000000000000000e+02,1.568950587084149220e+02,1.772400505924341674e-01
1.500000000000000000e+02,1.554357851231246457e+02,1.766730435899240281e-01
1.510000000000000000e+02,1.539765115378343694e+02,1.761095859208152425e-01
1.520000000000000000e+02,1.525172379525440931e+02,1.755497117625561820e-01
1.530000000000000000e+02,1.510579643672538168e+02,1.749934555087649946e-01
1.540000000000000000e+02,1.495986907819635121e+02,1.744408517713550433e-01
1.550000000000000000e+02,1.481394171966732358e+02,1.738919353710324245e-01
1.560000000000000000e+02,1.466801436113829595e+02,1.733467413357547282e-01
1.570000000000000000e+02,1.452208700260926832e+02,1.728053048988795193e-01
1.580000000000000000e+02,1.437615964408024070e+02,1.722676614899444347e-01
1.590000000000000000e+02,1.423023228555121023e+02,1.717338467324250051e-01
1.600000000000000000e+02,1.408430492702218260e+02,1.712038964411663478e-01
1.610000000000000000e+02,1.393837756849315497e+02,1.706778466118180626e-01
1.620000000000000000e+02,1.379245020996412734e+02,1.701557334216835804e-01
1.630000000000000000e+02,1.364652285143509971e+02,1.696375932187334512e-01
1.640000000000000000e+02,1.350059549290607208e+02,1.691234625181095574e-01
1.650000000000000000e+02,1.335466813437704161e+02,1.686133779982776359e-01
1.660000000000000000e+02,1.320874077584801398e+02,1.681073764894559508e-01
1.670000000000000000e+02,1.306281341731898635e+02,1.676054949730035049e-01
1.680000000000000000e+02,1.291688605878995872e+02,1.671077705693936044e-01
1.690000000000000000e+02,1.277095870026093110e+02,1.666142405333677079e-01
1.700000000000000000e+02,1.262503134173190062e+02,1.661249422487203198e-01
1.710000000000000000e+02,1.247910398320287300e+02,1.656399132163504651e-01
1.720000000000000000e+02,1.233317662467384537e+02,1.651591910485704084e-01
1.730000000000000000e+02,1.218724926614481774e+02,1.646828134630320961e-01
1.740000000000000000e+02,1.204132190761579011e+02,1.642108182693990670e-01
1.750000000000000000e+02,1.189539454908676248e+02,1.637432433662208697e-01
1.760000000000000000e+02,1.174946719055773201e+02,1.632801267264419876e-01
1.770000000000000000e+02,1.160353983202870722e+02,1.628215063936241103e-01
1.780000000000000000e+02,1.145761247349967675e+02,1.623674204676686939e-01
1.790000000000000000e+02,1.131168511497064628e+02,1.619179070977333212e-01
1.800000000000000000e+02,1.116575775644162150e+02,1.614730044714761947e-01
1.810000000000000000e+02,1.101983039791259102e+02,1.610327508034245236e-01
1.820000000000000000e+02,1.087390303938356624e+02,1.605971843294830836e-01
1.830000000000000000e+02,1.072797568085453577e+02,1.601663432883070337e-01
1.840000000000000000e+02,1.058204832232550530e+02,1.597402659152893645e-01
1.850000000000000000e+02,1.043612096379648051e+02,1.593189904298186188e-01
1.860000000000000000e+02,1.029019360526745004e+02,1.589025550223497063e-01
1.870000000000000000e+02,1.014426624673842525e+02,1.584909978472755776e-01
1.880000000000000000e+02,9.998338888209394781e+01,1.580843570033703405e-01
1.890000000000000000e+02,9.852411529680369995e+01,1.576826705261637485e-01
1.900000000000000000e+02,9.706484171151339524e+01,1.572859763739477834e-01
1.910000000000000000e+02,9.560556812622309053e+01,1.568943124136184253e-01
1.920000000000000000e+02,9.414629454093284266e+01,1.565077164119725306e-01
1.930000000000000000e+02,9.268702095564253796e+01,1.561262260153253589e-01
1.940000000000000000e+02,9.122774737035229009e+01,1.557498787403579776e-01
1.950000000000000000e+02,8.976847378506198538e+01,1.553787119589864485e-01
1.960000000000000000e+02,8.830920019977168067e+01,1.550127628830976489e-01
1.970000000000000000e+02,8.684992661448143281e+01,1.546520685543969487e-01
1.980000000000000000e+02,8.539065302919112810e+01,1.542966658233613231e-01
1.990000000000000000e+02,8.393137944390088023e+01,1.539465913387103591e-01
2.000000000000000000e+02,8.247210585861057552e+01,1.536018815313127672e-01
2.010000000000000000e+02,8.101283227332027082e+01,1.532625725989900656e-01
2.020000000000000000e+02,7.955355868803002295e+01,1.529287004901811464e-01
2.030000000000000000e+02,7.809428510273971824e+01,1.526003008923041693e-01
2.040000000000000000e+02,7.663501151744947038e+01,1.522774092102230081e-01
2.050000000000000000e+02,7.517573793215916567e+01,1.519600605543554306e-01
2.060000000000000000e+02,7.371646434686886096e+01,1.516482897237510785e-01
2.070000000000000000e+02,7.225719076157861309e+01,1.513421311891547938e-01
2.080000000000000000e+02,7.079791717628830838e+01,1.510416190804232117e-01
2.090000000000000000e+02,6.933864359099806052e+01,1.507467871649201263e-01
2.100000000000000000e+02,6.787937000570775581e+01,1.504576688348104041e-01
2.110000000000000000e+02,6.642009642041750794e+01,1.501742970897980700e-01
2.120000000000000000e+02,6.496082283512720323e+01,1.498967045199236792e-01
2.130000000000000000e+02,6.350154924983689853e+01,1.496249232923704819e-01
2.140000000000000000e+02,6.204227566454665066e+01,1.493589851293926629e-01
2.150000000000000000e+02,6.058300207925634595e+01,1.490989212982493095e-01
2.160000000000000000e+02,5.912372849396609809e+01,1.488447625893186133e-01
2.170000000000000000e+02,5.766445490867579338e+01,1.485965393021530523e-01
2.180000000000000000e+02,5.620518132338548867e+01,1.483542812312822756e-01
2.190000000000000000e+02,5.474590773809524080e+01,1.481180176456401154e-01
2.200000000000000000e+02,5.328663415280493609e+01,1.478877772753638964e-01
2.210000000000000000e+02,5.182736056751468823e+01,1.476635882950527723e-01
2.220000000000000000e+02,5.036808698222438352e+01,1.474454783078943676e-01
2.230000000000000000e+02,4.890881339693407881e+01,1.472334743293333414e-01
2.240000000000000000e+02,4.744953981164383094e+01,1.470276027739836899e-01
2.250000000000000000e+02,4.599026622635352624e+01,1.468278894365505627e-01
2.260000000000000000e+02,4.453099264106327837e+01,1.466343594791793548e-01
2.270000000000000000e+02,4.307171905577297366e+01,1.464470374159075328e-01
2.280000000000000000e+02,4.161244547048272580e+01,1.462659470974727594e-01
2.290000000000000000e+02,4.015317188519242109e+01,1.460911116990102065e-01
2.300000000000000000e+02,3.869389829990211638e+01,1.459225537027581954e-01
2.310000000000000000e+02,3.723462471461186851e+01,1.457602948863844228e-01
2.320000000000000000e+02,3.577535112932156380e+01,1.456043563089609305e-01
2.330000000000000000e+02,3.431607754403131594e+01,1.454547582973933495e-01
2.340000000000000000e+02,3.285680395874101123e+01,1.453115204353707668e-01
2.350000000000000000e+02,3.139753037345070652e+01,1.451746615483396063e-01
2.360000000000000000e+02,2.993825678816045865e+01,1.450441996932674560e-01
2.370000000000000000e+02,2.847898320287015395e+01,1.449201521466067233e-01
2.380000000000000000e+02,2.701970961757990608e+01,1.448025353928020231e-01
2.390000000000000000e+02,2.556043603228960137e+01,1.446913651149364377e-01
2.400000000000000000e+02,2.410116244699929666e+01,1.445866561824213914e-01
2.410000000000000000e+02,2.264188886170904880e+01,1.444884226426232376e-01
2.420000000000000000e+02,2.118261527641874409e+01,1.443966777112361544e-01
2.430000000000000000e+02,1.972334169112849622e+01,1.443114337632761257e-01
2.440000000000000000e+02,1.826406810583819151e+01,1.442327023258133667e-01
2.450000000000000000e+02,1.680479452054788680e+01,1.441604940687658265e-01
2.460000000000000000e+02,1.534552093525763894e+01,1.440948187987491080e-01
2.470000000000000000e+02,1.388624734996733423e+01,1.440356854522091834e-01
2.480000000000000000e+02,1.242697376467708636e+01,1.439831020893800884e-01
2.490000000000000000e+02,1.096770017938678166e+01,1.439370758886941160e-01
2.500000000000000000e+02,9.508426594096533790e+00,1.438976131424206661e-01
2.510000000000000000e+02,8.049153008806229082e+00,1.438647192515716822e-01
2.520000000000000000e+02,6.589879423515924373e+00,1.438383987227716265e-01
2.530000000000000000e+02,5.130605838225676507e+00,1.438186551650314782e-01
2.540000000000000000e+02,3.671332252935371798e+00,1.438054912872483160e-01
2.550000000000000000e+02,2.212058667645123933e+00,1.437989088964830575e-01
2.560000000000000000e+02,7.527850823548192238e-01,1.437989088964895523e-01
2.570000000000000000e+02,-7.064885029354854851e-01,1.438054912872679114e-01
2.580000000000000000e+02,-2.165762088225733351e+00,1.438186551650160461e-01
2.590000000000000000e+02,-3.625035673516038059e+00,1.438383987228173955e-01
2.600000000000000000e+02,-5.084309258806285925e+00,1.438647192516304962e-01
2.610000000000000000e+02,-6.543582844096590634e+00,1.438976131424925253e-01
2.620000000000000000e+02,-8.002856429386895343e+00,1.439370758887789925e-01
2.630000000000000000e+02,-9.462130014677143208e+00,1.439831020893338476e-01
2.640000000000000000e+02,-1.092140359996744792e+01,1.440356854523200947e-01
2.650000000000000000e+02,-1.238067718525769578e+01,1.440948187988729812e-01
2.660000000000000000e+02,-1.383995077054800049e+01,1.441604940689026060e-01
2.670000000000000000e+02,-1.529922435583824836e+01,1.442327023259631635e-01
2.680000000000000000e+02,-1.675849794112855307e+01,1.443114337634389122e-01
2.690000000000000000e+02,-1.821777152641885777e+01,1.443966777111531374e-01
2.700000000000000000e+02,-1.967704511170910564e+01,1.444884226428118090e-01
2.710000000000000000e+02,-2.113631869699941035e+01,1.445866561826228691e-01
2.720000000000000000e+02,-2.259559228228965821e+01,1.446913651151507663e-01
2.730000000000000000e+02,-2.405486586757996292e+01,1.448025353930291470e-01
2.740000000000000000e+02,-2.551413945287026763e+01,1.449201521464932307e-01
2.750000000000000000e+02,-2.697341303816051550e+01,1.450441996935202260e-01
2.760000000000000000e+02,-2.843268662345082021e+01,1.451746615486050329e-01
2.770000000000000000e+02,-2.989196020874106807e+01,1.453115204356488499e-01
2.780000000000000000e+02,-3.135123379403137278e+01,1.454547582976840614e-01
2.790000000000000000e+02,-3.281050737932167749e+01,1.456043563088174897e-01
2.800000000000000000e+02,-3.426978096461192536e+01,1.457602948867003367e-01
2.810000000000000000e+02,-3.572905454990223006e+01,1.459225537030865716e-01
2.820000000000000000e+02,-3.718832813519247793e+01,1.460911116993510173e-01
2.830000000000000000e+02,-3.864760172048278264e+01,1.462659470978260878e-01
2.840000000000000000e+02,-4.010687530577308735e+01,1.464470374157346155e-01
2.850000000000000000e+02,-4.156614889106333521e+01,1.466343594795574967e-01
2.860000000000000000e+02,-4.302542247635363992e+01,1.468278894369408893e-01
2.870000000000000000e+02,-4.448469606164388779e+01,1.470276027743862846e-01
2.880000000000000000e+02,-4.594396964693419250e+01,1.472334743297482040e-01
2.890000000000000000e+02,-4.740324323222444036e+01,1.474454783076924458e-01
2.900000000000000000e+02,-4.886251681751474507e+01,1.476635882954918655e-01
2.910000000000000000e+02,-5.032179040280504978e+01,1.478877772758151188e-01
2.920000000000000000e+02,-5.178106398809529765e+01,1.481180176461032449e-01
2.930000000000000000e+02,-5.324033757338560235e+01,1.483542812317573123e-01
2.940000000000000000e+02,-5.469961115867585022e+01,1.485965393026399406e-01
2.950000000000000000e+02,-5.615888474396615493e+01,1.488447625890828019e-01
2.960000000000000000e+02,-5.761815832925645964e+01,1.490989212987597901e-01
2.970000000000000000e+02,-5.907743191454670750e+01,1.493589851299148008e-01
2.980000000000000000e+02,-6.053670549983701221e+01,1.496249232921180727e-01
2.990000000000000000e+02,-6.199597908512726008e+01,1.498967045204691317e-01
3.000000000000000000e+02,-6.345525267041756479e+01,1.501742970895348361e-01
3.010000000000000000e+02,-6.491452625570786950e+01,1.504576688353787273e-01
3.020000000000000000e+02,-6.637379984099811736e+01,1.507467871654997182e-01
3.030000000000000000e+02,-6.783307342628842207e+01,1.510416190810142667e-01
3.040000000000000000e+02,-6.929234701157866994e+01,1.513421311897570620e-01
3.050000000000000000e+02,-7.075162059686897464e+01,1.516482897234610605e-01
3.060000000000000000e+02,-7.221089418215922251e+01,1.519600605549799588e-01
3.070000000000000000e+02,-7.367016776744952722e+01,1.522774092108586386e-01
3.080000000000000000e+02,-7.512944135273983193e+01,1.526003008929507354e-01
3.090000000000000000e+02,-7.658871493803007979e+01,1.529287004908385650e-01
3.100000000000000000e+02,-7.804798852332038450e+01,1.532625725986740961e-01
3.110000000000000000e+02,-7.950726210861063237e+01,1.536018815319917796e-01
3.120000000000000000e+02,-8.096653569390093708e+01,1.539465913394000018e-01
3.130000000000000000e+02,-8.242580927919124179e+01,1.542966658240617073e-01
3.140000000000000000e+02,-8.388508286448148965e+01,1.546520685551078245e-01
3.150000000000000000e+02,-8.534435644977179436e+01,1.550127628838190164e-01
3.160000000000000000e+02,-8.680363003506204223e+01,1.553787119586404752e-01
3.170000000000000000e+02,-8.826290362035234693e+01,1.557498787411000229e-01
3.180000000000000000e+02,-8.972217720564265164e+01,1.561262260160776183e-01
3.190000000000000000e+02,-9.118145079093289951e+01,1.565077164127349207e-01
3.200000000000000000e+02,-9.264072437622320422e+01,1.568943124143910850e-01
3.210000000000000000e+02,-9.409999796151345208e+01,1.572859763735778016e-01
3.220000000000000000e+02,-9.555927154680375679e+01,1.576826705269562812e-01
3.230000000000000000e+02,-9.701854513209406150e+01,1.580843570041728374e-01
3.240000000000000000e+02,-9.847781871738430937e+01,1.584909978480877890e-01
3.250000000000000000e+02,-9.993709230267461407e+01,1.589025550231716599e-01
3.260000000000000000e+02,-1.013963658879648619e+02,1.593189904294253501e-01
3.270000000000000000e+02,-1.028556394732551666e+02,1.597402659161305805e-01
3.280000000000000000e+02,-1.043149130585454145e+02,1.601663432891577421e-01
3.290000000000000000e+02,-1.057741866438357192e+02,1.605971843303432012e-01
3.300000000000000000e+02,-1.072334602291260239e+02,1.610327508042939670e-01
3.310000000000000000e+02,-1.086927338144162718e+02,1.614730044710606383e-01
3.320000000000000000e+02,-1.101520073997065765e+02,1.619179070986211944e-01
3.330000000000000000e+02,-1.116112809849968244e+02,1.623674204685657541e-01
3.340000000000000000e+02,-1.130705545702871291e+02,1.628215063945301078e-01
3.350000000000000000e+02,-1.145298281555774338e+02,1.632801267273568946e-01
3.360000000000000000e+02,-1.159891017408676817e+02,1.637432433664644804e-01
3.370000000000000000e+02,-1.174483753261579864e+02,1.642108182710186326e-01
3.380000000000000000e+02,-1.189076489114482342e+02,1.646828134639735375e-01
3.390000000000000000e+02,-1.203669224967385389e+02,1.651591910495205096e-01
3.400000000000000000e+02,-1.218261960820288436e+02,1.656399132166032073e-01
3.410000000000000000e+02,-1.232854696673190915e+02,1.661249422489752825e-01
3.420000000000000000e+02,-1.247447432526093962e+02,1.666142405336248911e-01
3.430000000000000000e+02,-1.262040168378996441e+02,1.671077705703776228e-01
3.440000000000000000e+02,-1.276632904231899488e+02,1.676054949739959055e-01
3.450000000000000000e+02,-1.291225640084801967e+02,1.681073764904564838e-01
3.460000000000000000e+02,-1.305818375937705014e+02,1.686133779985434511e-01
3.470000000000000000e+02,-1.320411111790608061e+02,1.691234625183775098e-01
3.480000000000000000e+02,-1.335003847643510539e+02,1.696375932197582426e-01
3.490000000000000000e+02,-1.349596583496413587e+02,1.701557334227161711e-01
3.500000000000000000e+02,-1.364189319349316065e+02,1.706778466128585359e-01
3.510000000000000000e+02,-1.378782055202219681e+02,1.712038964414426268e-01
3.520000000000000000e+02,-1.393374791055122159e+02,1.717338467342587327e-01
3.530000000000000000e+02,-1.407967526908024638e+02,1.722676614894415037e-01
3.540000000000000000e+02,-1.422560262760927117e+02,1.728053048999507457e-01
3.550000000000000000e+02,-1.437152998613830732e+02,1.733467413352446918e-01
3.560000000000000000e+02,-1.451745734466733211e+02,1.738919353713186400e-01
3.570000000000000000e+02,-1.466338470319635690e+02,1.744408517732537189e-01
3.580000000000000000e+02,-1.480931206172539305e+02,1.749934555090552069e-01
3.590000000000000000e+02,-1.495523942025441784e+02,1.755497117636642401e-01
3.600000000000000000e+02,-1.510116677878344262e+02,1.761095859202879976e-01
3.610000000000000000e+02,-1.524709413731246741e+02,1.766730435902198193e-01
3.620000000000000000e+02,-1.539302149584150357e+02,1.772400505935634030e-01
3.630000000000000000e+02,-1.553894885437052835e+02,1.778105729723535589e-01
3.640000000000000000e+02,-1.568487621289955314e+02,1.783845770038553491e-01
3.650000000000000000e+02,-1.583080357142858929e+02,1.789620291801602703e-01
3.660000000000000000e+02,-1.597673092995761408e+02,1.795428962378593785e-01
3.670000000000000000e+02,-1.612265828848663887e+02,1.801271451370883292e-01
3.680000000000000000e+02,-1.626858564701567502e+02,1.807147430740277672e-01
3.690000000000000000e+02,-1.641451300554469981e+02,1.813056574935855703e-01
3.700000000000000000e+02,-1.656044036407372460e+02,1.818998560674084664e-01
3.710000000000000000e+02,-1.670636772260274938e+02,1.824973067234797741e-01
3.720000000000000000e+02,-1.685229508113178554e+02,1.830979776236335566e-01
3.730000000000000000e+02,-1.699822243966081032e+02,1.837018371755309298e-01
3.740000000000000000e+02,-1.714414979818983511e+02,1.843088540448246659e-01
3.750000000000000000e+02,-1.729007715671887127e+02,1.849189971317319048e-01
3.760000000000000000e+02,-1.743600451524789605e+02,1.855322356006286755e-01
3.770000000000000000e+02,-1.758193187377692084e+02,1.861485388561772703e-01
3.780000000000000000e+02,-1.772785923230594562e+02,1.867678765548743403e-01
3.790000000000000000e+02,-1.787378659083498178e+02,1.873902186167937800e-01
3.800000000000000000e+02,-1.801971394936400657e+02,1.880155352008582581e-01
3.810000000000000000e+02,-1.816564130789303135e+02,1.886437967345036548e-01
3.820000000000000000e+02,-1.831156866642206751e+02,1.892749738885546318e-01
3.830000000000000000e+02,-1.845749602495109229e+02,1.899090375884371906e-01
3.840000000000000000e+02,-1.860342338348011708e+02,1.905459590255885183e-01
3.850000000000000000e+02,-1.874935074200915324e+02,1.911857096315596749e-01
3.860000000000000000e+02,-1.889527810053817802e+02,1.918282611078157840e-01
3.870000000000000000e+02,-1.904120545906720281e+02,1.924735853994890555e-01
3.880000000000000000e+02,-1.918713281759622760e+02,1.931216547063386857e-01
3.890000000000000000e+02,-1.933306017612526375e+02,1.937724414939103745e-01
3.900000000000000000e+02,-1.947898753465428854e+02,1.944259184665952100e-01
3.910000000000000000e+02,-1.962491489318331332e+02,1.950820585976223986e-01
3.920000000000000000e+02,-1.977084225171234948e+02,1.957408351018100900e-01
3.930000000000000000e+02,-1.991676961024137427e+02,1.964022214463479465e-01
3.940000000000000000e+02,-2.006269696877039905e+02,1.970661913617824945e-01
3.950000000000000000e+02,-2.020862432729942384e+02,1.977327188141440040e-01
3.960000000000000000e+02,-2.035455168582845999e+02,1.984017780351834126e-01
3.970000000000000000e+02,-2.050047904435748478e+02,1.990733434902954846e-01
3.980000000000000000e+02,-2.064640640288650957e+02,1.997473899088660076e-01
3.990000000000000000e+02,-2.079233376141554572e+02,2.004238922558003178e-01
4.000000000000000000e+02,-2.093826111994457051e+02,2.011028257421703103e-01
4.010000000000000000e+02,-2.108418847847359530e+02,2.017841658360644275e-01
4.020000000000000000e+02,-2.123011583700263145e+02,2.024678882335807228e-01
4.030000000000000000e+02,-2.137604319553165624e+02,2.031539688894776763e-01
4.040000000000000000e+02,-2.152197055406068102e+02,2.038423839879449084e-01
4.050000000000000000e+02,-2.166789791258970581e+02,2.045331099532207153e-01
4.060000000000000000e+02,-2.181382527111874197e+02,2.052261234604129403e-01
4.070000000000000000e+02,-2.195975262964776675e+02,2.059214014057900444e-01
4.080000000000000000e+02,-2.210567998817679154e+02,2.066189209377674585e-01
4.090000000000000000e+02,-2.225160734670582769e+02,2.073186594270064464e-01
4.100000000000000000e+02,-2.239753470523485248e+02,2.080205944770492921e-01
4.110000000000000000e+02,-2.254346206376387727e+02,2.087247039351575462e-01
4.120000000000000000e+02,-2.268938942229291342e+02,2.094309658619790127e-01
4.130000000000000000e+02,-2.283531678082193821e+02,2.101393585628976712e-01
4.140000000000000000e+02,-2.298124413935096300e+02,2.108498605575339635e-01
4.150000000000000000e+02,-2.312717149787998778e+02,2.115624505904387942e-01
4.160000000000000000e+02,-2.327309885640902394e+02,2.122771076419871505e-01
4.170000000000000000e+02,-2.341902621493804872e+02,2.129938108974917532e-01
4.180000000000000000e+02,-2.356495357346707351e+02,2.137125397789351455e-01
4.190000000000000000e+02,-2.371088093199610967e+02,2.144332739139384603e-01
4.200000000000000000e+02,-2.385680829052513445e+02,2.151559931465468478e-01
4.210000000000000000e+02,-2.400273564905415924e+02,2.158806775482109142e-01
4.220000000000000000e+02,-2.414866300758318403e+02,2.166073073864076270e-01
4.230000000000000000e+02,-2.429459036611222018e+02,2.173358631567692822e-01
4.240000000000000000e+02,-2.444051772464124497e+02,2.180663255515783439e-01
4.250000000000000000e+02,-2.458644508317026975e+02,2.187986754706712222e-01
4.260000000000000000e+02,-2.473237244169930591e+02,2.195328940325336209e-01
4.270000000000000000e+02,-2.487829980022833070e+02,2.202689625467916801e-01
4.280000000000000000e+02,-2.502422715875735548e+02,2.210068625295172895e-01
4.290000000000000000e+02,-2.517015451728639164e+02,2.217465756971295776e-01
4.300000000000000000e+02,-2.531608187581541642e+02,2.224880839602280669e-01
4.310000000000000000e+02,-2.546200923434444121e+02,2.232313694391220571e-01
4.320000000000000000e+02,-2.560793659287346600e+02,2.239764144316200023e-01
4.330000000000000000e+02,-2.575386395140250215e+02,2.247232014459736860e-01
4.340000000000000000e+02,-2.589979130993152694e+02,2.254717131685730624e-01
4.350000000000000000e+02,-2.604571866846055173e+02,2.262219324751434391e-01
4.360000000000000000e+02,-2.619164602698958788e+02,2.269738424421249012e-01
4.370000000000000000e+02,-2.633757338551861267e+02,2.277274263141089439e-01
4.380000000000000000e+02,-2.648350074404763745e+02,2.284826675371953442e-01
4.390000000000000000e+02,-2.662942810257666224e+02,2.292395497263461646e-01
4.400000000000000000e+02,-2.677535546110569840e+02,2.299980566767498014e-01
4.410000000000000000e+02,-2.692128281963472318e+02,2.307581723753621417e-01
4.420000000000000000e+02,-2.706721017816374797e+02,2.315198809680265868e-01
4.430000000000000000e+02,-2.721313753669278412e+02,2.322831667932387933e-01
4.440000000000000000e+02,-2.735906489522180891e+02,2.330480143447177244e-01
4.450000000000000000e+02,-2.750499225375083370e+02,2.338144083053323441e-01
4.460000000000000000e+02,-2.765091961227986985e+02,2.345823335140358457e-01
4.470000000000000000e+02,-2.779684697080889464e+02,2.353517749774761969e-01
4.480000000000000000e+02,-2.794277432933791943e+02,2.361227178817760231e-01
4.490000000000000000e+02,-2.808870168786694421e+02,2.368951475592595834e-01
4.500000000000000000e+02,-2.823462904639598037e+02,2.376690495227808397e-01
4.510000000000000000e+02,-2.838055640492500515e+02,2.384444094323905639e-01
4.520000000000000000e+02,-2.852648376345402994e+02,2.392212131071284609e-01
4.530000000000000000e+02,-2.867241112198306610e+02,2.399994465369787999e-01
4.540000000000000000e+02,-2.881833848051209088e+02,2.407790958493472300e-01
4.550000000000000000e+02,-2.896426583904111567e+02,2.415601473437818392e-01
4.560000000000000000e+02,-2.911019319757014046e+02,2.423425874583970685e-01
4.570000000000000000e+02,-2.925612055609917661e+02,2.431264027818491047e-01
4.580000000000000000e+02,-2.940204791462820140e+02,2.439115800654689248e-01
4.590000000000000000e+02,-2.954797527315722618e+02,2.446981061895108223e-01
4.600000000000000000e+02,-2.969390263168626234e+02,2.454859681982563269e-01
4.610000000000000000e+02,-2.983982999021528713e+02,2.462751532662162957e-01
4.620000000000000000e+02,-2.998575734874431191e+02,2.470656487102887988e-01
4.630000000000000000e+02,-3.013168470727334807e+02,2.478574420020697167e-01
4.640000000000000000e+02,-3.027761206580237285e+02,2.486505207338911005e-01
4.650000000000000000e+02,-3.042353942433139764e+02,2.494448726542985717e-01
4.660000000000000000e+02,-3.056946678286042243e+02,2.502404856340476602e-01
4.670000000000000000e+02,-3.071539414138945858e+02,2.510373476784438784e-01
4.680000000000000000e+02,-3.086132149991848337e+02,2.518354469398285667e-01
4.690000000000000000e+02,-3.100724885844750816e+02,2.526347716834234647e-01
4.700000000000000000e+02,-3.115317621697654431e+02,2.534353103231696269e-01
4.710000000000000000e+02,-3.129910357550556910e+02,2.542370513875344407e-01
4.720000000000000000e+02,-3.144503093403459388e+02,2.550399835320301123e-01
4.730000000000000000e+02,-3.159095829256361867e+02,2.558440955518717086e-01
4.740000000000000000e+02,-3.173688565109265483e+02,2.566493763476426770e-01
4.750000000000000000e+02,-3.188281300962167961e+02,2.574558149614832314e-01
4.760000000000000000e+02,-3.202874036815070440e+02,2.582634005427208446e-01
4.770000000000000000e+02,-3.217466772667974055e+02,2.590721223605630397e-01
4.780000000000000000e+02,-3.232059508520876534e+02,2.598819698169256287e-01
4.790000000000000000e+02,-3.246652244373779013e+02,2.606929324119290348e-01
4.800000000000000000e+02,-3.261244980226682628e+02,2.615049997804246296e-01
4.810000000000000000e+02,-3.275837716079585107e+02,2.623181616574613018e-01
4.820000000000000000e+02,-3.290430451932487586e+02,2.631324078911475017e-01
4.830000000000000000e+02,-3.305023187785390064e+02,2.639477284556429049e-01
4.840000000000000000e+02,-3.319615923638293680e+02,2.647641134165000798e-01
4.850000000000000000e+02,-3.334208659491196158e+02,2.655815529675139008e-01
4.860000000000000000e+02,-3.348801395344098637e+02,2.664000373960340173e-01
4.870000000000000000e+02,-3.363394131197002253e+02,2.672195570959916555e-01
4.880000000000000000e+02,-3.377986867049904731e+02,2.680401025810509874e-01
4.890000000000000000e+02,-3.392579602902807210e+02,2.688616644498025288e-01
4.900000000000000000e+02,-3.407172338755710825e+02,2.696842334229258564e-01
4.910000000000000000e+02,-3.421765074608613304e+02,2.705078003035354950e-01
4.920000000000000000e+02,-3.436357810461515783e+02,2.713323560144658142e-01
4.930000000000000000e+02,-3.450950546314418261e+02,2.721578915633808826e-01
4.940000000000000000e+02,-3.465543282167321877e+02,2.729843980560233141e-01
4.950000000000000000e+02,-3.480136018020224355e+02,2.738118667095786329e-01
4.960000000000000000e+02,-3.494728753873126834e+02,2.746402888176765478e-01
4.970000000000000000e+02,-3.509321489726030450e+02,2.754696557879685592e-01
4.980000000000000000e+02,-3.523914225578932928e+02,2.762999591071049199e-01
4.990000000000000000e+02,-3.538506961431835407e+02,2.771311903541328614e-01
5.000000000000000000e+02,-3.553099697284737886e+02,2.779633412140080084e-01
5.010000000000000000e+02,-3.567692433137641501e+02,2.787964034424659787e-01
5.020000000000000000e+02,-3.582285168990543980e+02,2.796303689038820428e-01
5.030000000000000000e+02,-3.596877904843446458e+02,2.804652295361207415e-01
5.040000000000000000e+02,-3.611470640696350074e+02,2.813009773640789413e-01
5.050000000000000000e+02,-3.626063376549252553e+02,2.821376045133371924e-01
5.060000000000000000e+02,-3.640656112402155031e+02,2.829751031749080381e-01
5.070000000000000000e+02,-3.655248848255058647e+02,2.838134656433667913e-01
5.080000000000000000e+02,-3.669841584107961125e+02,2.846526842815785829e-01
5.090000000000000000e+02,-3.684434319960863604e+02,2.854927515343808064e-01
5.100000000000000000e+02,-3.699027055813766083e+02,2.863336599423680906e-01
5.110000000000000000e+02,-3.713619791666669698e+02,2.871754021065238138e-01
5.120000000000000000e+02,-3.745908031797266631e+02,2.808468218796384419e-01
5.130000000000000000e+02,-3.731311232382239496e+02,2.800236294646706314e-01
5.140000000000000000e+02,-3.716714432967211224e+02,2.792012524418387986e-01
5.150000000000000000e+02,-3.702117633552184088e+02,2.783796980276500577e-01
5.160000000000000000e+02,-3.687520834137156953e+02,2.775589735316540407e-01
5.170000000000000000e+02,-3.672924034722128681e+02,2.767390863377109933e-01
5.180000000000000000e+02,-3.658327235307101546e+02,2.759200439147607153e-01
5.190000000000000000e+02,-3.643730435892074411e+02,2.751018537982055090e-01
5.200000000000000000e+02,-3.629133636477046139e+02,2.742845236202742787e-01
5.210000000000000000e+02,-3.614536837062019003e+02,2.734680610865349304e-01
5.220000000000000000e+02,-3.599940037646991868e+02,2.726524740061975760e-01
5.230000000000000000e+02,-3.585343238231963596e+02,2.718377702443284250e-01
5.240000000000000000e+02,-3.570746438816936461e+02,2.710239577716741510e-01
5.250000000000000000e+02,-3.556149639401909326e+02,2.702110446461565285e-01
5.260000000000000000e+02,-3.541552839986881054e+02,2.693990389993650703e-01
5.270000000000000000e+02,-3.526956040571853919e+02,2.685879490667836822e-01
5.280000000000000000e+02,-3.512359241156826783e+02,2.677777831694155286e-01
5.290000000000000000e+02,-3.497762441741798511e+02,2.669685497245692929e-01
5.300000000000000000e+02,-3.483165642326771376e+02,2.661602572276060563e-01
5.310000000000000000e+02,-3.468568842911744241e+02,2.653529142820870712e-01
5.320000000000000000e+02,-3.453972043496715969e+02,2.645465295815342399e-01
5.330000000000000000e+02,-3.439375244081688834e+02,2.637411119202221488e-01
5.340000000000000000e+02,-3.424778444666661699e+02,2.629366701750677215e-01
5.350000000000000000e+02,-3.410181645251633427e+02,2.621332133356914507e-01
5.360000000000000000e+02,-3.395584845836606291e+02,2.613307504863207620e-01
5.370000000000000000e+02,-3.380988046421579156e+02,2.605292908165863786e-01
5.380000000000000000e+02,-3.366391247006550884e+02,2.597288435987757382e-01
5.390000000000000000e+02,-3.351794447591523749e+02,2.589294182369444863e-01
5.400000000000000000e+02,-3.337197648176496614e+02,2.581310242250172138e-01
5.410000000000000000e+02,-3.322600848761468342e+02,2.573336711528869669e-01
5.420000000000000000e+02,-3.308004049346441207e+02,2.565373687315227191e-01
5.430000000000000000e+02,-3.293407249931414071e+02,2.557421267751366356e-01
5.440000000000000000e+02,-3.278810450516385799e+02,2.549479552119851000e-01
5.450000000000000000e+02,-3.264213651101358664e+02,2.541548640666740355e-01
5.460000000000000000e+02,-3.249616851686331529e+02,2.533628634899603438e-01
5.470000000000000000e+02,-3.235020052271303257e+02,2.525719637410703822e-01
5.480000000000000000e+02,-3.220423252856276122e+02,2.517821751985059309e-01
5.490000000000000000e+02,-3.205826453441248987e+02,2.509935083425059998e-01
5.500000000000000000e+02,-3.191229654026220715e+02,2.502059737847480703e-01
5.510000000000000000e+02,-3.176632854611193579e+02,2.494195822555199393e-01
5.520000000000000000e+02,-3.162036055196166444e+02,2.486343445910332572e-01
5.530000000000000000e+02,-3.147439255781138172e+02,2.478502717630402530e-01
5.540000000000000000e+02,-3.132842456366111037e+02,2.470673748614306831e-01
5.550000000000000000e+02,-3.118245656951083902e+02,2.462856651003671460e-01
5.560000000000000000e+02,-3.103648857536055630e+02,2.455051538197257910e-01
5.570000000000000000e+02,-3.089052058121028494e+02,2.447258524865524310e-01
5.580000000000000000e+02,-3.074455258706001359e+02,2.439477726965302573e-01
5.590000000000000000e+02,-3.059858459290973087e+02,2.431709261801031918e-01
5.600000000000000000e+02,-3.045261659875945952e+02,2.423953247853962711e-01
5.610000000000000000e+02,-3.030664860460918817e+02,2.416209805075958394e-01
5.620000000000000000e+02,-3.016068061045890545e+02,2.408479054718802581e-01
5.630000000000000000e+02,-3.001471261630863410e+02,2.400761119442151315e-01
5.640000000000000000e+02,-2.986874462215836274e+02,2.393056123144450820e-01
5.650000000000000000e+02,-2.972277662800808002e+02,2.385364191255440747e-01
5.660000000000000000e+02,-2.957680863385780867e+02,2.377685450613059026e-01
5.670000000000000000e+02,-2.943084063970753732e+02,2.370020029341868284e-01
5.680000000000000000e+02,-2.928487264555725460e+02,2.362368057144521583e-01
5.690000000000000000e+02,-2.913890465140698325e+02,2.354729665134094596e-01
5.700000000000000000e+02,-2.899293665725671190e+02,2.347104985941756150e-01
5.710000000000000000e+02,-2.884696866310642918e+02,2.339494153550807365e-01
5.720000000000000000e+02,-2.870100066895615782e+02,2.331897303541271838e-01
5.730000000000000000e+02,-2.855503267480588647e+02,2.324314573105589199e-01
5.740000000000000000e+02,-2.840906468065560375e+02,2.316746100883531889e-01
5.750000000000000000e+02,-2.826309668650533240e+02,2.309192026979795531e-01
5.760000000000000000e+02,-2.811712869235504968e+02,2.301652493206917671e-01
5.770000000000000000e+02,-2.797116069820477833e+02,2.294127642966054259e-01
5.780000000000000000e+02,-2.782519270405450698e+02,2.286617621129423406e-01
5.790000000000000000e+02,-2.767922470990422426e+02,2.279122574327397677e-01
5.800000000000000000e+02,-2.753325671575395290e+02,2.271642650785650752e-01
5.810000000000000000e+02,-2.738728872160368155e+02,2.264178000432092719e-01
5.820000000000000000e+02,-2.724132072745339883e+02,2.256728774735772269e-01
5.830000000000000000e+02,-2.709535273330312748e+02,2.249295126992170157e-01
5.840000000000000000e+02,-2.694938473915285613e+02,2.241877212162075583e-01
5.850000000000000000e+02,-2.680341674500257341e+02,2.234475186978059913e-01
5.860000000000000000e+02,-2.665744875085230206e+02,2.227089209785168555e-01
5.870000000000000000e+02,-2.651148075670203070e+02,2.219719440824220735e-01
5.880000000000000000e+02,-2.636551276255174798e+02,2.212366042072380357e-01
5.890000000000000000e+02,-2.621954476840147663e+02,2.205029177305282972e-01
5.900000000000000000e+02,-2.607357677425120528e+02,2.197709012114830718e-01
5.910000000000000000e+02,-2.592760878010092256e+02,2.190405713927091602e-01
5.920000000000000000e+02,-2.578164078595065121e+02,2.183119452063664867e-01
5.930000000000000000e+02,-2.563567279180037985e+02,2.175850397585387397e-01
5.940000000000000000e+02,-2.548970479765009713e+02,2.168598723571694975e-01
5.950000000000000000e+02,-2.534373680349982578e+02,2.161364604964105263e-01
5.960000000000000000e+02,-2.519776880934955443e+02,2.154148218670836057e-01
5.970000000000000000e+02,-2.505180081519927171e+02,2.146949743412181477e-01
5.980000000000000000e+02,-2.490583282104900036e+02,2.139769359997261422e-01
5.990000000000000000e+02,-2.475986482689872901e+02,2.132607251169120754e-01
6.000000000000000000e+02,-2.461389683274844629e+02,2.125463601708349748e-01
6.010000000000000000e+02,-2.446792883859817493e+02,2.118338598280050389e-01
6.020000000000000000e+02,-2.432196084444790358e+02,2.111232429707752267e-01
6.030000000000000000e+02,-2.417599285029762086e+02,2.104145286862335595e-01
6.040000000000000000e+02,-2.403002485614734951e+02,2.097077362552852431e-01
6.050000000000000000e+02,-2.388405686199707816e+02,2.090028851798181875e-01
6.060000000000000000e+02,-2.373808886784679544e+02,2.082999951632675817e-01
6.070000000000000000e+02,-2.359212087369652409e+02,2.075990861375575369e-01
6.080000000000000000e+02,-2.344615287954625273e+02,2.069001782228281072e-01
6.090000000000000000e+02,-2.330018488539597001e+02,2.062032917710877045e-01
6.100000000000000000e+02,-2.315421689124569866e+02,2.055084473468971051e-01
6.110000000000000000e+02,-2.300824889709542731e+02,2.048156657373468026e-01
6.120000000000000000e+02,-2.286228090294514459e+02,2.041249679371266446e-01
6.130000000000000000e+02,-2.271631290879487324e+02,2.034363751749890536e-01
6.140000000000000000e+02,-2.257034491464460189e+02,2.027499088987473608e-01
6.150000000000000000e+02,-2.242437692049431917e+02,2.020655907850686106e-01
6.160000000000000000e+02,-2.227840892634404781e+02,2.013834427246455894e-01
6.170000000000000000e+02,-2.213244093219377646e+02,2.007034868482565348e-01
6.180000000000000000e+02,-2.198647293804349374e+02,2.000257455158960807e-01
6.190000000000000000e+02,-2.184050494389322239e+02,1.993502413061191691e-01
6.200000000000000000e+02,-2.169453694974295104e+02,1.986769970417596731e-01
6.210000000000000000e+02,-2.154856895559266832e+02,1.980060357750757227e-01
6.220000000000000000e+02,-2.140260096144239697e+02,1.973373807971278981e-01
6.230000000000000000e+02,-2.125663296729212561e+02,1.966710556191105796e-01
6.240000000000000000e+02,-2.111066497314184289e+02,1.960070840135153536e-01
6.250000000000000000e+02,-2.096469697899157154e+02,1.953454899754093754e-01
6.260000000000000000e+02,-2.081872898484130019e+02,1.946862977474834444e-01
6.270000000000000000e+02,-2.067276099069101747e+02,1.940295318014083892e-01
6.280000000000000000e+02,-2.052679299654074612e+02,1.933752168625318957e-01
6.290000000000000000e+02,-2.038082500239047476e+02,1.927233778989818902e-01
6.300000000000000000e+02,-2.023485700824019204e+02,1.920740401109726214e-01
6.310000000000000000e+02,-2.008888901408992069e+02,1.914272289550650596e-01
6.320000000000000000e+02,-1.994292101993964934e+02,1.907829701293689284e-01
6.330000000000000000e+02,-1.979695302578936662e+02,1.901412895820225879e-01
6.340000000000000000e+02,-1.965098503163909527e+02,1.895022134965287097e-01
6.350000000000000000e+02,-1.950501703748882392e+02,1.888657683153801004e-01
6.360000000000000000e+02,-1.935904904333854120e+02,1.882319807252196830e-01
6.370000000000000000e+02,-1.921308104918826984e+02,1.876008776648942500e-01
6.380000000000000000e+02,-1.906711305503799849e+02,1.869724863107387614e-01
6.390000000000000000e+02,-1.892114506088771577e+02,1.863468340994982320e-01
6.400000000000000000e+02,-1.877517706673744442e+02,1.857239487096843666e-01
6.410000000000000000e+02,-1.862920907258717307e+02,1.851038580840378978e-01
6.420000000000000000e+02,-1.848324107843689035e+02,1.844865903923611217e-01
6.430000000000000000e+02,-1.833727308428661900e+02,1.838721740685840544e-01
6.440000000000000000e+02,-1.819130509013634764e+02,1.832606377956252641e-01
6.450000000000000000e+02,-1.804533709598606492e+02,1.826520104941868616e-01
6.460000000000000000e+02,-1.789936910183579357e+02,1.820463213442756467e-01
6.470000000000000000e+02,-1.775340110768552222e+02,1.814435997700214742e-01
6.480000000000000000e+02,-1.760743311353523950e+02,1.808438754462634857e-01
6.490000000000000000e+02,-1.746146511938496815e+02,1.802471782834463576e-01
6.500000000000000000e+02,-1.731549712523469680e+02,1.796535384482332853e-01
6.510000000000000000e+02,-1.716952913108441408e+02,1.790629863481073558e-01
6.520000000000000000e+02,-1.702356113693414272e+02,1.784755526373031642e-01
6.530000000000000000e+02,-1.687759314278387137e+02,1.778912682014581470e-01
6.540000000000000000e+02,-1.673162514863358865e+02,1.773101641772429904e-01
6.550000000000000000e+02,-1.658565715448331730e+02,1.767322719401373532e-01
6.560000000000000000e+02,-1.643968916033304595e+02,1.761576230923907194e-01
6.570000000000000000e+02,-1.629372116618276323e+02,1.755862494818561936e-01
6.580000000000000000e+02,-1.614775317203249188e+02,1.750181831826871925e-01
6.590000000000000000e+02,-1.600178517788222052e+02,1.744534565135049675e-01
6.600000000000000000e+02,-1.585581718373193780e+02,1.738921020011254259e-01
6.610000000000000000e+02,-1.570984918958166645e+02,1.733341524118547361e-01
6.620000000000000000e+02,-1.556388119543139510e+02,1.727796407317942207e-01
6.630000000000000000e+02,-1.541791320128111238e+02,1.722286001705777836e-01
6.640000000000000000e+02,-1.527194520713084103e+02,1.716810641450859931e-01
6.650000000000000000e+02,-1.512597721298056967e+02,1.711370662958990041e-01
6.660000000000000000e+02,-1.498000921883028695e+02,1.705966404738064879e-01
6.670000000000000000e+02,-1.483404122468001560e+02,1.700598207264942263e-01
6.680000000000000000e+02,-1.468807323052974425e+02,1.695266413140163742e-01
6.690000000000000000e+02,-1.454210523637946153e+02,1.689971366917213946e-01
6.700000000000000000e+02,-1.439613724222919018e+02,1.684713415122909841e-01
6.710000000000000000e+02,-1.425016924807891883e+02,1.679492906086262061e-01
6.720000000000000000e+02,-1.410420125392863611e+02,1.674310190079367766e-01
6.730000000000000000e+02,-1.395823325977836475e+02,1.669165619141399770e-01
6.740000000000000000e+02,-1.381226526562809340e+02,1.664059547088258262e-01
6.750000000000000000e+02,-1.366629727147781068e+02,1.658992329305822855e-01
6.760000000000000000e+02,-1.352032927732753933e+02,1.653964322997120429e-01
6.770000000000000000e+02,-1.337436128317726798e+02,1.648975886818742631e-01
6.780000000000000000e+02,-1.322839328902698526e+02,1.644027381000522647e-01
6.790000000000000000e+02,-1.308242529487671391e+02,1.639119167132697674e-01
6.800000000000000000e+02,-1.293645730072644255e+02,1.634251608276621748e-01
6.810000000000000000e+02,-1.279048930657615983e+02,1.629425068805514243e-01
6.820000000000000000e+02,-1.264452131242588848e+02,1.624639914247097694e-01
6.830000000000000000e+02,-1.249855331827561713e+02,1.619896511382233339e-01
6.840000000000000000e+02,-1.235258532412533441e+02,1.615195228052144216e-01
6.850000000000000000e+02,-1.220661732997506306e+02,1.610536433135365264e-01
6.860000000000000000e+02,-1.206064933582479171e+02,1.605920496354193150e-01
6.870000000000000000e+02,-1.191468134167450899e+02,1.601347788356790869e-01
6.880000000000000000e+02,-1.176871334752423763e+02,1.596818680517732292e-01
6.890000000000000000e+02,-1.162274535337396628e+02,1.592333544902318210e-01
6.900000000000000000e+02,-1.147677735922368356e+02,1.587892754066359546e-01
6.910000000000000000e+02,-1.133080936507341221e+02,1.583496681121336347e-01
6.920000000000000000e+02,-1.118484137092314086e+02,1.579145699528282099e-01
6.930000000000000000e+02,-1.103887337677285814e+02,1.574840183023541729e-01
6.940000000000000000e+02,-1.089290538262258679e+02,1.570580505514801439e-01
6.950000000000000000e+02,-1.074693738847231543e+02,1.566367040974496472e-01
6.960000000000000000e+02,-1.060096939432203271e+02,1.562200163355277616e-01
6.970000000000000000e+02,-1.045500140017176136e+02,1.558080246378642231e-01
6.980000000000000000e+02,-1.030903340602149001e+02,1.554007663569902942e-01
6.990000000000000000e+02,-1.016306541187120729e+02,1.549982788040958070e-01
7.000000000000000000e+02,-1.001709741772093594e+02,1.546005992419201835e-01
7.010000000000000000e+02,-9.871129423570664585e+01,1.542077648630359732e-01
7.020000000000000000e+02,-9.725161429420381864e+01,1.538198127916280411e-01
7.030000000000000000e+02,-9.579193435270099144e+01,1.534367800634965917e-01
7.040000000000000000e+02,-9.433225441119839161e+01,1.530587036040905180e-01
7.050000000000000000e+02,-9.287257446969556440e+01,1.526856202402718521e-01
7.060000000000000000e+02,-9.141289452819273720e+01,1.523175666530300343e-01
7.070000000000000000e+02,-8.995321458669013737e+01,1.519545793995076832e-01
7.080000000000000000e+02,-8.849353464518731016e+01,1.515966948638989842e-01
7.090000000000000000e+02,-8.703385470368448296e+01,1.512439492822629516e-01
7.100000000000000000e+02,-8.557417476218188312e+01,1.508963786771685966e-01
7.110000000000000000e+02,-8.411449482067905592e+01,1.505540189022603614e-01
7.120000000000000000e+02,-8.265481487917622871e+01,1.502169055773782680e-01
7.130000000000000000e+02,-8.119513493767362888e+01,1.498850741107033702e-01
7.140000000000000000e+02,-7.973545499617080168e+01,1.495585596514775739e-01
7.150000000000000000e+02,-7.827577505466797447e+01,1.492373971065637794e-01
7.160000000000000000e+02,-7.681609511316537464e+01,1.489216210938777429e-01
7.170000000000000000e+02,-7.535641517166254744e+01,1.486112659576518114e-01
7.180000000000000000e+02,-7.389673523015972023e+01,1.483063657262460866e-01
7.190000000000000000e+02,-7.243705528865712040e+01,1.480069541080817896e-01
7.200000000000000000e+02,-7.097737534715429319e+01,1.477130644862956754e-01
7.210000000000000000e+02,-6.951769540565146599e+01,1.474247298779626514e-01
7.220000000000000000e+02,-6.805801546414886616e+01,1.471419829462697060e-01
7.230000000000000000e+02,-6.659833552264603895e+01,1.468648559569340761e-01
7.240000000000000000e+02,-6.513865558114321175e+01,1.465933807924247601e-01
7.250000000000000000e+02,-6.367897563964061192e+01,1.463275888964700455e-01
7.260000000000000000e+02,-6.221929569813778471e+01,1.460675113034451966e-01
7.270000000000000000e+02,-6.075961575663495751e+01,1.458131785838188421e-01
7.280000000000000000e+02,-5.929993581513235767e+01,1.455646208562841326e-01
7.290000000000000000e+02,-5.784025587362953047e+01,1.453218677474286957e-01
7.300000000000000000e+02,-5.638057593212670326e+01,1.450849483995770572e-01
7.310000000000000000e+02,-5.492089599062410343e+01,1.448538914344331685e-01
7.320000000000000000e+02,-5.346121604912127623e+01,1.446287249489994209e-01
7.330000000000000000e+02,-5.200153610761844902e+01,1.444094764943933129e-01
7.340000000000000000e+02,-5.054185616611584919e+01,1.441961730682310705e-01
7.350000000000000000e+02,-4.908217622461302199e+01,1.439888410936521479e-01
7.360000000000000000e+02,-4.762249628311019478e+01,1.437875063969905054e-01
7.370000000000000000e+02,-4.616281634160759495e+01,1.435921942099350201e-01
7.380000000000000000e+02,-4.470313640010476774e+01,1.434029291354538826e-01
7.390000000000000000e+02,-4.324345645860194054e+01,1.432197351540425156e-01
7.400000000000000000e+02,-4.178377651709934071e+01,1.430426355825756835e-01
7.410000000000000000e+02,-4.032409657559651350e+01,1.428716530908998861e-01
7.420000000000000000e+02,-3.886441663409368630e+01,1.427068096622402527e-01
7.430000000000000000e+02,-3.740473669259108647e+01,1.425481265982857515e-01
7.440000000000000000e+02,-3.594505675108825926e+01,1.423956244902284951e-01
7.450000000000000000e+02,-3.448537680958543206e+01,1.422493232210891301e-01
7.460000000000000000e+02,-3.302569686808283222e+01,1.421092419402676943e-01
7.470000000000000000e+02,-3.156601692658000502e+01,1.419753990587853676e-01
7.480000000000000000e+02,-3.010633698507717781e+01,1.418478122341917391e-01
7.490000000000000000e+02,-2.864665704357457798e+01,1.417264983652657961e-01
7.500000000000000000e+02,-2.718697710207175078e+01,1.416114735706033578e-01
7.510000000000000000e+02,-2.572729716056892357e+01,1.415027531884918421e-01
7.520000000000000000e+02,-2.426761721906632374e+01,1.414003517621911510e-01
7.530000000000000000e+02,-2.280793727756349654e+01,1.413042830270536399e-01
7.540000000000000000e+02,-2.134825733606066933e+01,1.412145599108662331e-01
7.550000000000000000e+02,-1.988857739455806950e+01,1.411311945118767230e-01
7.560000000000000000e+02,-1.842889745305524229e+01,1.410541981057459315e-01
7.570000000000000000e+02,-1.696921751155241509e+01,1.409835811256653915e-01
7.580000000000000000e+02,-1.550953757004981526e+01,1.409193531638300578e-01
7.590000000000000000e+02,-1.404985762854698805e+01,1.408615229582141914e-01
7.600000000000000000e+02,-1.259017768704416085e+01,1.408100983928079475e-01
7.610000000000000000e+02,-1.113049774554156102e+01,1.407650864872432295e-01
7.620000000000000000e+02,-9.670817804038733811e+00,1.407264933948596808e-01
7.630000000000000000e+02,-8.211137862535906606e+00,1.406943243974419222e-01
7.640000000000000000e+02,-6.751457921033306775e+00,1.406685839030696328e-01
7.650000000000000000e+02,-5.291777979530479570e+00,1.406492754406040713e-01
7.660000000000000000e+02,-3.832098038027652365e+00,1.406364016597355937e-01
7.670000000000000000e+02,-2.372418096525052533e+00,1.406299643273200006e-01
7.680000000000000000e+02,-9.127381550222253281e-01,1.406299643273576094e-01
7.690000000000000000e+02,5.469417864806018770e-01,1.406364016598467270e-01
7.700000000000000000e+02,2.006621727983201708e+00,1.406492754409809365e-01
7.710000000000000000e+02,3.466301669486028914e+00,1.406685839033278151e-01
7.720000000000000000e+02,4.925981610988856119e+00,1.406943243981206848e-01
7.730000000000000000e+02,6.385661552491455950e+00,1.407264933952667441e-01
7.740000000000000000e+02,7.845341493994283155e+00,1.407650864882239450e-01
7.750000000000000000e+02,9.305021435497110360e+00,1.408100983939388484e-01
7.760000000000000000e+02,1.076470137699971019e+01,1.408615229594954998e-01
7.770000000000000000e+02,1.222438131850253740e+01,1.409193531645326070e-01
7.780000000000000000e+02,1.368406126000536460e+01,1.409835811272482087e-01
7.790000000000000000e+02,1.514374120150796443e+01,1.410541981065945027e-01
7.800000000000000000e+02,1.660342114301079164e+01,1.411311945137573853e-01
7.810000000000000000e+02,1.806310108451361884e+01,1.412145599118619366e-01
7.820000000000000000e+02,1.952278102601621868e+01,1.413042830303438968e-01
7.830000000000000000e+02,2.098246096751904588e+01,1.414003517633322660e-01
7.840000000000000000e+02,2.244214090902187309e+01,1.415027531909681668e-01
7.850000000000000000e+02,2.390182085052447292e+01,1.416114735718908280e-01
7.860000000000000000e+02,2.536150079202730012e+01,1.417264983666248479e-01
7.870000000000000000e+02,2.682118073353012733e+01,1.418478122371121808e-01
7.880000000000000000e+02,2.828086067503272716e+01,1.419753990602885541e-01
7.890000000000000000e+02,2.974054061653555436e+01,1.421092419434813736e-01
7.900000000000000000e+02,3.120022055803838157e+01,1.422493232244486094e-01
7.910000000000000000e+02,3.265990049954098140e+01,1.423956244937341631e-01
7.920000000000000000e+02,3.411958044104380861e+01,1.425481266000751257e-01
7.930000000000000000e+02,3.557926038254663581e+01,1.427068096660348562e-01
7.940000000000000000e+02,3.703894032404923564e+01,1.428716530928308137e-01
7.950000000000000000e+02,3.849862026555206285e+01,1.430426355866596111e-01
7.960000000000000000e+02,3.995830020705489005e+01,1.432197351561147747e-01
7.970000000000000000e+02,4.141798014855748988e+01,1.434029291420509944e-01
7.980000000000000000e+02,4.287766009006031709e+01,1.435921942121463901e-01
7.990000000000000000e+02,4.433734003156314429e+01,1.437875064016432003e-01
8.000000000000000000e+02,4.579701997306574413e+01,1.439888410960022957e-01
8.010000000000000000e+02,4.725669991456857133e+01,1.441961730731660396e-01
8.020000000000000000e+02,4.871637985607139854e+01,1.444094764968802680e-01
8.030000000000000000e+02,5.017605979757399837e+01,1.446287249515545437e-01
8.040000000000000000e+02,5.163573973907682557e+01,1.448538914397853872e-01
8.050000000000000000e+02,5.309541968057965278e+01,1.450849484050668048e-01
8.060000000000000000e+02,5.455509962208225261e+01,1.453218677530560832e-01
8.070000000000000000e+02,5.601477956358507981e+01,1.455646208591105106e-01
8.080000000000000000e+02,5.747445950508790702e+01,1.458131785897183175e-01
8.090000000000000000e+02,5.893413944659050685e+01,1.460675113064034969e-01
8.100000000000000000e+02,6.039381938809333406e+01,1.463275889026391663e-01
8.110000000000000000e+02,6.185349932959616126e+01,1.465933807955139834e-01
8.120000000000000000e+02,6.331317927109876109e+01,1.468648559666504427e-01
8.130000000000000000e+02,6.477285921260158830e+01,1.471419829494895470e-01
8.140000000000000000e+02,6.623253915410441550e+01,1.474247298846619869e-01
8.150000000000000000e+02,6.769221909560701533e+01,1.477130644896442468e-01
8.160000000000000000e+02,6.915189903710984254e+01,1.480069541150422219e-01
8.170000000000000000e+02,7.061157897861266974e+01,1.483063657297211679e-01
8.180000000000000000e+02,7.207125892011526958e+01,1.486112659648691492e-01
8.190000000000000000e+02,7.353093886161809678e+01,1.489216211012234503e-01
8.200000000000000000e+02,7.499061880312092399e+01,1.492373971102270158e-01
8.210000000000000000e+02,7.645029874462352382e+01,1.495585596590754129e-01
8.220000000000000000e+02,7.790997868612635102e+01,1.498850741144887866e-01
8.230000000000000000e+02,7.936965862762917823e+01,1.502169055852249357e-01
8.240000000000000000e+02,8.082933856913177806e+01,1.505540189061679024e-01
8.250000000000000000e+02,8.228901851063460526e+01,1.508963786852626499e-01
8.260000000000000000e+02,8.374869845213743247e+01,1.512439492862901746e-01
8.270000000000000000e+02,8.520837839364003230e+01,1.515966948764853051e-01
8.280000000000000000e+02,8.666805833514285951e+01,1.519545794036533670e-01
8.290000000000000000e+02,8.812773827664568671e+01,1.523175666616058133e-01
8.300000000000000000e+02,8.958741821814828654e+01,1.526856202445335542e-01
8.310000000000000000e+02,9.104709815965111375e+01,1.530587036129016643e-01
8.320000000000000000e+02,9.250677810115394095e+01,1.534367800678733962e-01
8.330000000000000000e+02,9.396645804265654078e+01,1.538198128006729448e-01
8.340000000000000000e+02,9.542613798415936799e+01,1.542077648698611803e-01
8.350000000000000000e+02,9.688581792566219519e+01,1.546005992464665468e-01
8.360000000000000000e+02,9.834549786716479503e+01,1.549982788086972652e-01
8.370000000000000000e+02,9.980517780866762223e+01,1.554007663640684100e-01
8.380000000000000000e+02,1.012648577501704494e+02,1.558080246474747854e-01
8.390000000000000000e+02,1.027245376916730493e+02,1.562200163427706345e-01
8.400000000000000000e+02,1.041842176331758765e+02,1.566367041097868895e-01
8.410000000000000000e+02,1.056438975746787037e+02,1.570580505614200817e-01
8.420000000000000000e+02,1.071035775161813035e+02,1.574840183149630313e-01
8.430000000000000000e+02,1.085632574576841307e+02,1.579145699578064499e-01
8.440000000000000000e+02,1.100229373991869579e+02,1.583496681197796019e-01
8.450000000000000000e+02,1.114826173406895578e+02,1.587892754117177507e-01
8.460000000000000000e+02,1.129422972821923850e+02,1.592333544980337467e-01
8.470000000000000000e+02,1.144019772236952122e+02,1.596818680596528983e-01
8.480000000000000000e+02,1.158616571651978120e+02,1.601347788463561017e-01
8.490000000000000000e+02,1.173213371067006392e+02,1.605920496434510292e-01
8.500000000000000000e+02,1.187810170482034664e+02,1.610536433188704819e-01
8.510000000000000000e+02,1.202406969897060662e+02,1.615195228105977265e-01
8.520000000000000000e+02,1.217003769312088934e+02,1.619896511464796740e-01
8.530000000000000000e+02,1.231600568727117206e+02,1.624639914301898302e-01
8.540000000000000000e+02,1.246197368142143205e+02,1.629425068889527040e-01
8.550000000000000000e+02,1.260794167557171477e+02,1.634251608419326207e-01
8.560000000000000000e+02,1.275390966972199749e+02,1.639119167247380937e-01
8.570000000000000000e+02,1.289987766387225747e+02,1.644027381145626576e-01
8.580000000000000000e+02,1.304584565802254019e+02,1.648975886905594268e-01
8.590000000000000000e+02,1.319181365217282291e+02,1.653964323114621160e-01
8.600000000000000000e+02,1.333778164632308290e+02,1.658992329394068099e-01
8.610000000000000000e+02,1.348374964047336562e+02,1.664059547177180187e-01
8.620000000000000000e+02,1.362971763462364834e+02,1.669165619230999487e-01
8.630000000000000000e+02,1.377568562877390832e+02,1.674310190200513637e-01
8.640000000000000000e+02,1.392165362292419104e+02,1.679492906177191824e-01
8.650000000000000000e+02,1.406762161707447376e+02,1.684713415183168306e-01
8.660000000000000000e+02,1.421358961122473374e+02,1.689971366977903455e-01
8.670000000000000000e+02,1.435955760537501646e+02,1.695266413233049441e-01
8.680000000000000000e+02,1.450552559952529919e+02,1.700598207326479150e-01
8.690000000000000000e+02,1.465149359367555917e+02,1.705966404832229832e-01
8.700000000000000000e+02,1.479746158782584189e+02,1.711370663053774221e-01
8.710000000000000000e+02,1.494342958197612461e+02,1.716810641578907226e-01
8.720000000000000000e+02,1.508939757612638459e+02,1.722286001801805189e-01
8.730000000000000000e+02,1.523536557027666731e+02,1.727796407414580737e-01
8.740000000000000000e+02,1.538133356442695003e+02,1.733341524249050747e-01
8.750000000000000000e+02,1.552730155857721002e+02,1.738921020109090998e-01
8.760000000000000000e+02,1.567326955272749274e+02,1.744534565267142345e-01
8.770000000000000000e+02,1.581923754687777546e+02,1.750181831959758405e-01
8.780000000000000000e+02,1.596520554102803544e+02,1.755862494952235009e-01
8.790000000000000000e+02,1.611117353517831816e+02,1.761576231024079009e-01
8.800000000000000000e+02,1.625714152932860088e+02,1.767322719467655512e-01
8.810000000000000000e+02,1.640310952347886086e+02,1.773101641839088805e-01
8.820000000000000000e+02,1.654907751762914359e+02,1.778912682116444155e-01
8.830000000000000000e+02,1.669504551177942631e+02,1.784755526440411355e-01
8.840000000000000000e+02,1.684101350592968629e+02,1.790629863619267459e-01
8.850000000000000000e+02,1.698698150007996901e+02,1.796535384585840334e-01
8.860000000000000000e+02,1.713294949423025173e+02,1.802471782974097714e-01
8.870000000000000000e+02,1.727891748838051171e+02,1.808438754495663436e-01
8.880000000000000000e+02,1.742488548253079443e+02,1.814435997805318723e-01
8.890000000000000000e+02,1.757085347668107715e+02,1.820463213584518070e-01
8.900000000000000000e+02,1.771682147083133714e+02,1.826520105048013154e-01
8.910000000000000000e+02,1.786278946498161986e+02,1.832606378099387590e-01
8.920000000000000000e+02,1.800875745913190258e+02,1.838721740829658002e-01
8.930000000000000000e+02,1.815472545328216256e+02,1.844865904104931176e-01
8.940000000000000000e+02,1.830069344743244528e+02,1.851038580985532034e-01
8.950000000000000000e+02,1.844666144158272800e+02,1.857239487242656195e-01
8.960000000000000000e+02,1.859262943573298799e+02,1.863468341066780720e-01
8.970000000000000000e+02,1.873859742988327071e+02,1.869724863217002153e-01
8.980000000000000000e+02,1.888456542403355343e+02,1.876008776721372617e-01
8.990000000000000000e+02,1.903053341818383615e+02,1.882319807400581746e-01
9.000000000000000000e+02,1.917650141233409613e+02,1.888657683264834963e-01
9.010000000000000000e+02,1.932246940648437885e+02,1.895022135114913520e-01
9.020000000000000000e+02,1.946843740063466157e+02,1.901412895855585650e-01
9.030000000000000000e+02,1.961440539478492155e+02,1.907829701406097145e-01
9.040000000000000000e+02,1.976037338893520428e+02,1.914272289624898982e-01
9.050000000000000000e+02,1.990634138308548700e+02,1.920740401223020033e-01
9.060000000000000000e+02,2.005230937723574698e+02,1.927233779142456804e-01
9.070000000000000000e+02,2.019827737138602970e+02,1.933752168778541392e-01
9.080000000000000000e+02,2.034424536553631242e+02,1.940295318207090891e-01
9.090000000000000000e+02,2.049021335968657240e+02,1.946862977550516960e-01
9.100000000000000000e+02,2.063618135383685512e+02,1.953454899909030651e-01
9.110000000000000000e+02,2.078214934798713784e+02,1.960070840251020852e-01
9.120000000000000000e+02,2.092811734213739783e+02,1.966710556347167904e-01
9.130000000000000000e+02,2.107408533628768055e+02,1.973373808048047295e-01
9.140000000000000000e+02,2.122005333043796327e+02,1.980060357907904856e-01
9.150000000000000000e+02,2.136602132458822325e+02,1.986769970535093022e-01
9.160000000000000000e+02,2.151198931873850597e+02,1.993502413219414016e-01
9.170000000000000000e+02,2.165795731288878869e+02,2.000257455196321754e-01
9.180000000000000000e+02,2.180392530703904868e+02,2.007034868601236255e-01
9.190000000000000000e+02,2.194989330118933140e+02,2.013834427324789067e-01
9.200000000000000000e+02,2.209586129533961412e+02,2.020655907970125842e-01
9.210000000000000000e+02,2.224182928948987410e+02,2.027499089107294983e-01
9.220000000000000000e+02,2.238779728364015682e+02,2.034363751911198448e-01
9.230000000000000000e+02,2.253376527779043954e+02,2.041249679574313747e-01
9.240000000000000000e+02,2.267973327194069952e+02,2.048156657453030216e-01
9.250000000000000000e+02,2.282570126609098224e+02,2.055084473631756670e-01
9.260000000000000000e+02,2.297166926024126496e+02,2.062032917832527512e-01
9.270000000000000000e+02,2.311763725439152495e+02,2.069001782392020095e-01
9.280000000000000000e+02,2.326360524854180767e+02,2.075990861497932216e-01
9.290000000000000000e+02,2.340957324269209039e+02,2.082999951839327457e-01
9.300000000000000000e+02,2.355554123684235037e+02,2.090028851921230946e-01
9.310000000000000000e+02,2.370150923099263309e+02,2.097077362718452187e-01
9.320000000000000000e+02,2.384747722514291581e+02,2.104145286901412393e-01
9.330000000000000000e+02,2.399344521929317580e+02,2.111232429831815527e-01
9.340000000000000000e+02,2.413941321344345852e+02,2.118338598361889369e-01
9.350000000000000000e+02,2.428538120759374124e+02,2.125463601833071370e-01
9.360000000000000000e+02,2.443134920174400122e+02,2.132607251294165174e-01
9.370000000000000000e+02,2.457731719589428394e+02,2.139769360165510170e-01
9.380000000000000000e+02,2.472328519004456666e+02,2.146949743537867328e-01
9.390000000000000000e+02,2.486925318419482664e+02,2.154148218753736410e-01
9.400000000000000000e+02,2.501522117834510937e+02,2.161364605133618833e-01
9.410000000000000000e+02,2.516118917249539209e+02,2.168598723698313691e-01
9.420000000000000000e+02,2.530715716664565207e+02,2.175850397755727805e-01
9.430000000000000000e+02,2.545312516079593479e+02,2.183119452190888377e-01
9.440000000000000000e+02,2.559909315494621751e+02,2.190405714141867854e-01
9.450000000000000000e+02,2.574506114909647749e+02,2.197709012286380159e-01
9.460000000000000000e+02,2.589102914324676021e+02,2.205029177521043438e-01
9.470000000000000000e+02,2.603699713739704293e+02,2.212366042156865276e-01
9.480000000000000000e+02,2.618296513154730292e+02,2.219719440952917788e-01
9.490000000000000000e+02,2.632893312569758564e+02,2.227089209870026509e-01
9.500000000000000000e+02,2.647490111984786836e+02,2.234475187107318184e-01
9.510000000000000000e+02,2.662086911399812834e+02,2.241877212291613908e-01
9.520000000000000000e+02,2.676683710814841106e+02,2.249295127166397179e-01
9.530000000000000000e+02,2.691280510229869378e+02,2.256728774865860709e-01
9.540000000000000000e+02,2.705877309644895377e+02,2.264178000517859946e-01
9.550000000000000000e+02,2.720474109059923649e+02,2.271642650871593949e-01
9.560000000000000000e+02,2.735070908474951921e+02,2.279122574458292139e-01
9.570000000000000000e+02,2.749667707889977919e+02,2.286617621305447878e-01
9.580000000000000000e+02,2.764264507305006191e+02,2.294127643097471914e-01
9.590000000000000000e+02,2.778861306720034463e+02,2.301652493428677781e-01
9.600000000000000000e+02,2.793458106135060461e+02,2.309192027156857230e-01
9.610000000000000000e+02,2.808054905550088733e+02,2.316746101015714487e-01
9.620000000000000000e+02,2.822651704965117005e+02,2.324314573238024650e-01
9.630000000000000000e+02,2.837248504380143004e+02,2.331897303719344117e-01
9.640000000000000000e+02,2.851845303795171276e+02,2.339494153638264073e-01
9.650000000000000000e+02,2.866442103210199548e+02,2.347104986074925737e-01
9.660000000000000000e+02,2.881038902625225546e+02,2.354729665267502325e-01
9.670000000000000000e+02,2.895635702040253818e+02,2.362368057323892268e-01
9.680000000000000000e+02,2.910232501455282090e+02,2.370020029475756740e-01
9.690000000000000000e+02,2.924829300870308089e+02,2.377685450701297887e-01
9.700000000000000000e+02,2.939426100285336361e+02,2.385364191343833096e-01
9.710000000000000000e+02,2.954022899700364633e+02,2.393056123279033165e-01
9.720000000000000000e+02,2.968619699115390631e+02,2.400761119530849252e-01
9.730000000000000000e+02,2.983216498530418903e+02,2.408479054900033167e-01
9.740000000000000000e+02,2.997813297945447175e+02,2.416209805303754510e-01
9.750000000000000000e+02,3.012410097360473173e+02,2.423953248035785879e-01
9.760000000000000000e+02,3.027006896775501446e+02,2.431709261936728650e-01
9.770000000000000000e+02,3.041603696190529718e+02,2.439477727101216908e-01
9.780000000000000000e+02,3.056200495605555716e+02,2.447258525048218447e-01
9.790000000000000000e+02,3.070797295020583988e+02,2.455051538333598293e-01
9.800000000000000000e+02,3.085394094435612260e+02,2.462856651186932921e-01
9.810000000000000000e+02,3.099990893850638258e+02,2.470673748751070486e-01
9.820000000000000000e+02,3.114587693265666530e+02,2.478502717814224654e-01
9.830000000000000000e+02,3.129184492680694802e+02,2.486343446047505901e-01
9.840000000000000000e+02,3.143781292095720801e+02,2.494195822645577099e-01
9.850000000000000000e+02,3.158378091510749073e+02,2.502059737937992190e-01
9.860000000000000000e+02,3.172974890925777345e+02,2.509935083562835900e-01
9.870000000000000000e+02,3.187571690340803343e+02,2.517821752075829478e-01
9.880000000000000000e+02,3.202168489755831615e+02,2.525719637596132161e-01
9.890000000000000000e+02,3.216765289170859887e+02,2.533628635037962762e-01
9.900000000000000000e+02,3.231362088585885886e+02,2.541548640852685503e-01
9.910000000000000000e+02,3.245958888000914158e+02,2.549479552258593906e-01
9.920000000000000000e+02,3.260555687415942430e+02,2.557421267890292449e-01
9.930000000000000000e+02,3.275152486830968428e+02,2.565373687501927846e-01
9.940000000000000000e+02,3.289749286245996700e+02,2.573336711668167687e-01
9.950000000000000000e+02,3.304346085661024972e+02,2.581310242437369618e-01
9.960000000000000000e+02,3.318942885076050970e+02,2.589294182556885482e-01
9.970000000000000000e+02,3.333539684491079242e+02,2.597288436223270658e-01
9.980000000000000000e+02,3.348136483906107514e+02,2.605292908305883448e-01
9.990000000000000000e+02,3.362733283321133513e+02,2.613307505003405473e-01
1.000000000000000000e+03,3.377330082736161785e+02,2.621332133449268964e-01
1.001000000000000000e+03,3.391926882151190057e+02,2.629366701891218128e-01
1.002000000000000000e+03,3.406523681566216055e+02,2.637411119294797990e-01
1.003000000000000000e+03,3.421120480981244327e+02,2.645465296004420042e-01
1.004000000000000000e+03,3.435717280396272599e+02,2.653529142961927323e-01
1.005000000000000000e+03,3.450314079811298598e+02,2.661602572465585625e-01
1.006000000000000000e+03,3.464910879226326870e+02,2.669685497290347764e-01
1.007000000000000000e+03,3.479507678641355142e+02,2.677777831835704281e-01
1.008000000000000000e+03,3.494104478056381140e+02,2.685879490858024687e-01
1.009000000000000000e+03,3.508701277471409412e+02,2.693990390135522217e-01
1.010000000000000000e+03,3.523298076886437684e+02,2.702110446652185582e-01
1.011000000000000000e+03,3.537894876301463682e+02,2.710239577907567199e-01
1.012000000000000000e+03,3.552491675716491955e+02,2.718377702683018038e-01
1.013000000000000000e+03,3.567088475131520227e+02,2.726524740155728543e-01
1.014000000000000000e+03,3.581685274546546225e+02,2.734680611056798383e-01
1.015000000000000000e+03,3.596282073961574497e+02,2.742845236296697631e-01
1.016000000000000000e+03,3.610878873376602769e+02,2.751018538125014623e-01
1.017000000000000000e+03,3.625475672791628767e+02,2.759200439241758507e-01
1.018000000000000000e+03,3.640072472206657039e+02,2.767390863569370030e-01
1.019000000000000000e+03,3.654669271621685311e+02,2.775589735459945695e-01
1.020000000000000000e+03,3.669266071036711310e+02,2.783796980469153137e-01
1.021000000000000000e+03,3.683862870451739582e+02,2.792012524463768908e-01
1.022000000000000000e+03,3.698459669866767854e+02,2.800236294790539593e-01
1.023000000000000000e+03,3.713056469281793852e+02,2.808468218891108648e-01
